Timestamp,Axle,Component,Bolt No,Target Torque,Min Torque,Max Torque,Actual Torque,Status
2026-06-16 12:43:33.291227,RA07-0001,Drive Head,BOLT-01,180,171.0,189.0,182.68,OK
2026-06-16 12:43:33.291227,RA07-0001,Drive Head,BOLT-02,180,171.0,189.0,179.25,OK
2026-06-16 12:43:33.291227,RA07-0001,Drive Head,BOLT-03,180,171.0,189.0,183.5,OK
2026-06-16 12:43:33.291227,RA07-0001,Drive Head,BOLT-04,180,171.0,189.0,188.22,OK
2026-06-16 12:43:33.291227,RA07-0001,Drive Head,BOLT-05,180,171.0,189.0,178.74,OK
2026-06-16 12:43:33.291227,RA07-0001,Drive Head,BOLT-06,180,171.0,189.0,178.74,OK
2026-06-16 12:43:33.291227,RA07-0001,Drive Head,BOLT-07,180,171.0,189.0,188.53,OK
2026-06-16 12:43:33.291227,RA07-0001,Drive Head,BOLT-08,180,171.0,189.0,184.14,OK
2026-06-16 12:43:33.291227,RA07-0001,Drive Head,BOLT-09,180,171.0,189.0,177.46,OK
2026-06-16 12:43:33.291227,RA07-0001,Drive Head,BOLT-10,180,171.0,189.0,182.93,OK
2026-06-16 12:43:33.291227,RA07-0001,Drive Head,BOLT-11,180,171.0,189.0,177.5,OK
2026-06-16 12:43:33.291227,RA07-0001,Drive Head,BOLT-12,180,171.0,189.0,177.49,OK
2026-06-16 12:43:33.291227,RA07-0001,LH Shaft,BOLT-01,120,114.0,126.0,120.87,OK
2026-06-16 12:43:33.291227,RA07-0001,LH Shaft,BOLT-02,120,114.0,126.0,113.11,UNDER TORQUE
2026-06-16 12:43:33.291227,RA07-0001,LH Shaft,BOLT-03,120,114.0,126.0,113.79,UNDER TORQUE
2026-06-16 12:43:33.291227,RA07-0001,LH Shaft,BOLT-04,120,114.0,126.0,117.98,OK
2026-06-16 12:43:33.291227,RA07-0001,LH Shaft,BOLT-05,120,114.0,126.0,116.35,OK
2026-06-16 12:43:33.291227,RA07-0001,LH Shaft,BOLT-06,120,114.0,126.0,121.13,OK
2026-06-16 12:43:33.291227,RA07-0001,RH Shaft,BOLT-01,120,114.0,126.0,116.73,OK
2026-06-16 12:43:33.291227,RA07-0001,RH Shaft,BOLT-02,120,114.0,126.0,114.92,OK
2026-06-16 12:43:33.291227,RA07-0001,RH Shaft,BOLT-03,120,114.0,126.0,125.28,OK
2026-06-16 12:43:33.291227,RA07-0001,RH Shaft,BOLT-04,120,114.0,126.0,119.19,OK
2026-06-16 12:43:33.291227,RA07-0001,RH Shaft,BOLT-05,120,114.0,126.0,120.24,OK
2026-06-16 12:43:33.291227,RA07-0001,RH Shaft,BOLT-06,120,114.0,126.0,114.87,OK
2026-06-16 12:43:33.291227,RA07-0001,LH Wheel Hub,BOLT-01,220,209.0,231.0,216.41,OK
2026-06-16 12:43:33.291227,RA07-0001,LH Wheel Hub,BOLT-02,220,209.0,231.0,220.73,OK
2026-06-16 12:43:33.291227,RA07-0001,LH Wheel Hub,BOLT-03,220,209.0,231.0,212.4,OK
2026-06-16 12:43:33.291227,RA07-0001,LH Wheel Hub,BOLT-04,220,209.0,231.0,222.48,OK
2026-06-16 12:43:33.291227,RA07-0001,LH Wheel Hub,BOLT-05,220,209.0,231.0,216.04,OK
2026-06-16 12:43:33.291227,RA07-0001,LH Wheel Hub,BOLT-06,220,209.0,231.0,218.07,OK
2026-06-16 12:43:33.291227,RA07-0001,LH Wheel Hub,BOLT-07,220,209.0,231.0,216.03,OK
2026-06-16 12:43:33.291227,RA07-0001,LH Wheel Hub,BOLT-08,220,209.0,231.0,232.23,OVER TORQUE
2026-06-16 12:43:33.291227,RA07-0001,LH Wheel Hub,BOLT-09,220,209.0,231.0,219.91,OK
2026-06-16 12:43:33.291227,RA07-0001,LH Wheel Hub,BOLT-10,220,209.0,231.0,213.02,OK
2026-06-16 12:43:33.291227,RA07-0001,LH Wheel Hub,BOLT-11,220,209.0,231.0,225.43,OK
2026-06-16 12:43:33.291227,RA07-0001,LH Wheel Hub,BOLT-12,220,209.0,231.0,211.94,OK
2026-06-16 12:43:33.291227,RA07-0001,RH Wheel Hub,BOLT-01,220,209.0,231.0,221.38,OK
2026-06-16 12:43:33.291227,RA07-0001,RH Wheel Hub,BOLT-02,220,209.0,231.0,207.07,UNDER TORQUE
2026-06-16 12:43:33.291227,RA07-0001,RH Wheel Hub,BOLT-03,220,209.0,231.0,211.23,OK
2026-06-16 12:43:33.291227,RA07-0001,RH Wheel Hub,BOLT-04,220,209.0,231.0,221.3,OK
2026-06-16 12:43:33.291227,RA07-0001,RH Wheel Hub,BOLT-05,220,209.0,231.0,224.87,OK
2026-06-16 12:43:33.291227,RA07-0001,RH Wheel Hub,BOLT-06,220,209.0,231.0,221.13,OK
2026-06-16 12:43:33.291227,RA07-0001,RH Wheel Hub,BOLT-07,220,209.0,231.0,219.24,OK
2026-06-16 12:43:33.291227,RA07-0001,RH Wheel Hub,BOLT-08,220,209.0,231.0,218.01,OK
2026-06-16 12:43:33.291227,RA07-0001,RH Wheel Hub,BOLT-09,220,209.0,231.0,210.24,OK
2026-06-16 12:43:33.291227,RA07-0001,RH Wheel Hub,BOLT-10,220,209.0,231.0,215.25,OK
2026-06-16 12:43:33.291227,RA07-0001,RH Wheel Hub,BOLT-11,220,209.0,231.0,216.96,OK
2026-06-16 12:43:33.291227,RA07-0001,RH Wheel Hub,BOLT-12,220,209.0,231.0,226.98,OK
2026-06-16 12:43:33.291227,RA07-0001,LH Brake Caliper,BOLT-01,95,90.25,99.75,95.98,OK
2026-06-16 12:43:33.291227,RA07-0001,LH Brake Caliper,BOLT-02,95,90.25,99.75,89.98,UNDER TORQUE
2026-06-16 12:43:33.291227,RA07-0001,LH Brake Caliper,BOLT-03,95,90.25,99.75,95.92,OK
2026-06-16 12:43:33.291227,RA07-0001,LH Brake Caliper,BOLT-04,95,90.25,99.75,93.9,OK
2026-06-16 12:43:33.291227,RA07-0001,LH Brake Caliper,BOLT-05,95,90.25,99.75,93.07,OK
2026-06-16 12:43:33.291227,RA07-0001,LH Brake Caliper,BOLT-06,95,90.25,99.75,96.74,OK
2026-06-16 12:43:33.291227,RA07-0001,RH Brake Caliper,BOLT-01,95,90.25,99.75,97.94,OK
2026-06-16 12:43:33.291227,RA07-0001,RH Brake Caliper,BOLT-02,95,90.25,99.75,97.65,OK
2026-06-16 12:43:33.291227,RA07-0001,RH Brake Caliper,BOLT-03,95,90.25,99.75,92.61,OK
2026-06-16 12:43:33.291227,RA07-0001,RH Brake Caliper,BOLT-04,95,90.25,99.75,94.12,OK
2026-06-16 12:43:33.291227,RA07-0001,RH Brake Caliper,BOLT-05,95,90.25,99.75,95.94,OK
2026-06-16 12:43:33.291227,RA07-0001,RH Brake Caliper,BOLT-06,95,90.25,99.75,97.78,OK
2026-06-16 12:43:33.291227,RA07-0001,LH Brake Chamber,BOLT-01,70,66.5,73.5,68.99,OK
2026-06-16 12:43:33.291227,RA07-0001,LH Brake Chamber,BOLT-02,70,66.5,73.5,69.61,OK
2026-06-16 12:43:33.291227,RA07-0001,RH Brake Chamber,BOLT-01,70,66.5,73.5,67.68,OK
2026-06-16 12:43:33.291227,RA07-0001,RH Brake Chamber,BOLT-02,70,66.5,73.5,67.49,OK
2026-06-16 12:43:33.291227,RA07-0001,Drain Plug,BOLT-01,35,33.25,36.75,35.85,OK
2026-06-16 12:43:33.291227,RA07-0001,Magnetic Plug,BOLT-01,35,33.25,36.75,36.42,OK
2026-06-16 12:43:33.291227,RA07-0002,Drive Head,BOLT-01,180,171.0,189.0,179.61,OK
2026-06-16 12:43:33.291227,RA07-0002,Drive Head,BOLT-02,180,171.0,189.0,185.42,OK
2026-06-16 12:43:33.291227,RA07-0002,Drive Head,BOLT-03,180,171.0,189.0,181.95,OK
2026-06-16 12:43:33.291227,RA07-0002,Drive Head,BOLT-04,180,171.0,189.0,176.52,OK
2026-06-16 12:43:33.291227,RA07-0002,Drive Head,BOLT-05,180,171.0,189.0,181.95,OK
2026-06-16 12:43:33.291227,RA07-0002,Drive Head,BOLT-06,180,171.0,189.0,188.31,OK
2026-06-16 12:43:33.291227,RA07-0002,Drive Head,BOLT-07,180,171.0,189.0,179.81,OK
2026-06-16 12:43:33.291227,RA07-0002,Drive Head,BOLT-08,180,171.0,189.0,188.45,OK
2026-06-16 12:43:33.291227,RA07-0002,Drive Head,BOLT-09,180,171.0,189.0,165.85,UNDER TORQUE
2026-06-16 12:43:33.291227,RA07-0002,Drive Head,BOLT-10,180,171.0,189.0,184.44,OK
2026-06-16 12:43:33.291227,RA07-0002,Drive Head,BOLT-11,180,171.0,189.0,180.47,OK
2026-06-16 12:43:33.291227,RA07-0002,Drive Head,BOLT-12,180,171.0,189.0,178.39,OK
2026-06-16 12:43:33.291227,RA07-0002,LH Shaft,BOLT-01,120,114.0,126.0,120.33,OK
2026-06-16 12:43:33.291227,RA07-0002,LH Shaft,BOLT-02,120,114.0,126.0,112.84,UNDER TORQUE
2026-06-16 12:43:33.291227,RA07-0002,LH Shaft,BOLT-03,120,114.0,126.0,119.21,OK
2026-06-16 12:43:33.291227,RA07-0002,LH Shaft,BOLT-04,120,114.0,126.0,121.29,OK
2026-06-16 12:43:33.291227,RA07-0002,LH Shaft,BOLT-05,120,114.0,126.0,125.32,OK
2026-06-16 12:43:33.291227,RA07-0002,LH Shaft,BOLT-06,120,114.0,126.0,118.13,OK
2026-06-16 12:43:33.291227,RA07-0002,RH Shaft,BOLT-01,120,114.0,126.0,117.09,OK
2026-06-16 12:43:33.291227,RA07-0002,RH Shaft,BOLT-02,120,114.0,126.0,118.19,OK
2026-06-16 12:43:33.291227,RA07-0002,RH Shaft,BOLT-03,120,114.0,126.0,123.3,OK
2026-06-16 12:43:33.291227,RA07-0002,RH Shaft,BOLT-04,120,114.0,126.0,121.18,OK
2026-06-16 12:43:33.291227,RA07-0002,RH Shaft,BOLT-05,120,114.0,126.0,118.09,OK
2026-06-16 12:43:33.291227,RA07-0002,RH Shaft,BOLT-06,120,114.0,126.0,121.85,OK
2026-06-16 12:43:33.291227,RA07-0002,LH Wheel Hub,BOLT-01,220,209.0,231.0,220.64,OK
2026-06-16 12:43:33.291227,RA07-0002,LH Wheel Hub,BOLT-02,220,209.0,231.0,226.39,OK
2026-06-16 12:43:33.291227,RA07-0002,LH Wheel Hub,BOLT-03,220,209.0,231.0,215.37,OK
2026-06-16 12:43:33.291227,RA07-0002,LH Wheel Hub,BOLT-04,220,209.0,231.0,217.84,OK
2026-06-16 12:43:33.291227,RA07-0002,LH Wheel Hub,BOLT-05,220,209.0,231.0,217.41,OK
2026-06-16 12:43:33.291227,RA07-0002,LH Wheel Hub,BOLT-06,220,209.0,231.0,210.34,OK
2026-06-16 12:43:33.291227,RA07-0002,LH Wheel Hub,BOLT-07,220,209.0,231.0,221.95,OK
2026-06-16 12:43:33.291227,RA07-0002,LH Wheel Hub,BOLT-08,220,209.0,231.0,221.72,OK
2026-06-16 12:43:33.291227,RA07-0002,LH Wheel Hub,BOLT-09,220,209.0,231.0,220.03,OK
2026-06-16 12:43:33.291227,RA07-0002,LH Wheel Hub,BOLT-10,220,209.0,231.0,218.45,OK
2026-06-16 12:43:33.291227,RA07-0002,LH Wheel Hub,BOLT-11,220,209.0,231.0,210.66,OK
2026-06-16 12:43:33.291227,RA07-0002,LH Wheel Hub,BOLT-12,220,209.0,231.0,217.22,OK
2026-06-16 12:43:33.291227,RA07-0002,RH Wheel Hub,BOLT-01,220,209.0,231.0,217.74,OK
2026-06-16 12:43:33.291227,RA07-0002,RH Wheel Hub,BOLT-02,220,209.0,231.0,214.7,OK
2026-06-16 12:43:33.291227,RA07-0002,RH Wheel Hub,BOLT-03,220,209.0,231.0,218.94,OK
2026-06-16 12:43:33.291227,RA07-0002,RH Wheel Hub,BOLT-04,220,209.0,231.0,222.67,OK
2026-06-16 12:43:33.291227,RA07-0002,RH Wheel Hub,BOLT-05,220,209.0,231.0,232.45,OVER TORQUE
2026-06-16 12:43:33.291227,RA07-0002,RH Wheel Hub,BOLT-06,220,209.0,231.0,221.15,OK
2026-06-16 12:43:33.291227,RA07-0002,RH Wheel Hub,BOLT-07,220,209.0,231.0,221.7,OK
2026-06-16 12:43:33.291227,RA07-0002,RH Wheel Hub,BOLT-08,220,209.0,231.0,219.51,OK
2026-06-16 12:43:33.291227,RA07-0002,RH Wheel Hub,BOLT-09,220,209.0,231.0,207.34,UNDER TORQUE
2026-06-16 12:43:33.291227,RA07-0002,RH Wheel Hub,BOLT-10,220,209.0,231.0,219.83,OK
2026-06-16 12:43:33.291227,RA07-0002,RH Wheel Hub,BOLT-11,220,209.0,231.0,220.4,OK
2026-06-16 12:43:33.291227,RA07-0002,RH Wheel Hub,BOLT-12,220,209.0,231.0,236.26,OVER TORQUE
2026-06-16 12:43:33.291227,RA07-0002,LH Brake Caliper,BOLT-01,95,90.25,99.75,94.45,OK
2026-06-16 12:43:33.291227,RA07-0002,LH Brake Caliper,BOLT-02,95,90.25,99.75,95.86,OK
2026-06-16 12:43:33.291227,RA07-0002,LH Brake Caliper,BOLT-03,95,90.25,99.75,94.9,OK
2026-06-16 12:43:33.291227,RA07-0002,LH Brake Caliper,BOLT-04,95,90.25,99.75,91.67,OK
2026-06-16 12:43:33.291227,RA07-0002,LH Brake Caliper,BOLT-05,95,90.25,99.75,98.26,OK
2026-06-16 12:43:33.291227,RA07-0002,LH Brake Caliper,BOLT-06,95,90.25,99.75,97.14,OK
2026-06-16 12:43:33.291227,RA07-0002,RH Brake Caliper,BOLT-01,95,90.25,99.75,97.25,OK
2026-06-16 12:43:33.291227,RA07-0002,RH Brake Caliper,BOLT-02,95,90.25,99.75,92.41,OK
2026-06-16 12:43:33.291227,RA07-0002,RH Brake Caliper,BOLT-03,95,90.25,99.75,99.0,OK
2026-06-16 12:43:33.291227,RA07-0002,RH Brake Caliper,BOLT-04,95,90.25,99.75,91.0,OK
2026-06-16 12:43:33.291227,RA07-0002,RH Brake Caliper,BOLT-05,95,90.25,99.75,96.67,OK
2026-06-16 12:43:33.291227,RA07-0002,RH Brake Caliper,BOLT-06,95,90.25,99.75,101.24,OVER TORQUE
2026-06-16 12:43:33.291227,RA07-0002,LH Brake Chamber,BOLT-01,70,66.5,73.5,67.92,OK
2026-06-16 12:43:33.291227,RA07-0002,LH Brake Chamber,BOLT-02,70,66.5,73.5,68.81,OK
2026-06-16 12:43:33.291227,RA07-0002,RH Brake Chamber,BOLT-01,70,66.5,73.5,70.21,OK
2026-06-16 12:43:33.291227,RA07-0002,RH Brake Chamber,BOLT-02,70,66.5,73.5,68.94,OK
2026-06-16 12:43:33.291227,RA07-0002,Drain Plug,BOLT-01,35,33.25,36.75,33.37,OK
2026-06-16 12:43:33.291227,RA07-0002,Magnetic Plug,BOLT-01,35,33.25,36.75,35.07,OK
2026-06-16 12:43:33.291227,RA07-0003,Drive Head,BOLT-01,180,171.0,189.0,174.26,OK
2026-06-16 12:43:33.291227,RA07-0003,Drive Head,BOLT-02,180,171.0,189.0,182.56,OK
2026-06-16 12:43:33.291227,RA07-0003,Drive Head,BOLT-03,180,171.0,189.0,175.04,OK
2026-06-16 12:43:33.291227,RA07-0003,Drive Head,BOLT-04,180,171.0,189.0,188.37,OK
2026-06-16 12:43:33.291227,RA07-0003,Drive Head,BOLT-05,180,171.0,189.0,175.77,OK
2026-06-16 12:43:33.291227,RA07-0003,Drive Head,BOLT-06,180,171.0,189.0,178.26,OK
2026-06-16 12:43:33.291227,RA07-0003,Drive Head,BOLT-07,180,171.0,189.0,184.39,OK
2026-06-16 12:43:33.291227,RA07-0003,Drive Head,BOLT-08,180,171.0,189.0,173.35,OK
2026-06-16 12:43:33.291227,RA07-0003,Drive Head,BOLT-09,180,171.0,189.0,181.23,OK
2026-06-16 12:43:33.291227,RA07-0003,Drive Head,BOLT-10,180,171.0,189.0,187.06,OK
2026-06-16 12:43:33.291227,RA07-0003,Drive Head,BOLT-11,180,171.0,189.0,171.32,OK
2026-06-16 12:43:33.291227,RA07-0003,Drive Head,BOLT-12,180,171.0,189.0,181.0,OK
2026-06-16 12:43:33.291227,RA07-0003,LH Shaft,BOLT-01,120,114.0,126.0,120.94,OK
2026-06-16 12:43:33.291227,RA07-0003,LH Shaft,BOLT-02,120,114.0,126.0,122.81,OK
2026-06-16 12:43:33.291227,RA07-0003,LH Shaft,BOLT-03,120,114.0,126.0,115.55,OK
2026-06-16 12:43:33.291227,RA07-0003,LH Shaft,BOLT-04,120,114.0,126.0,115.25,OK
2026-06-16 12:43:33.291227,RA07-0003,LH Shaft,BOLT-05,120,114.0,126.0,121.88,OK
2026-06-16 12:43:33.291227,RA07-0003,LH Shaft,BOLT-06,120,114.0,126.0,121.07,OK
2026-06-16 12:43:33.291227,RA07-0003,RH Shaft,BOLT-01,120,114.0,126.0,120.9,OK
2026-06-16 12:43:33.291227,RA07-0003,RH Shaft,BOLT-02,120,114.0,126.0,121.25,OK
2026-06-16 12:43:33.291227,RA07-0003,RH Shaft,BOLT-03,120,114.0,126.0,117.55,OK
2026-06-16 12:43:33.291227,RA07-0003,RH Shaft,BOLT-04,120,114.0,126.0,120.84,OK
2026-06-16 12:43:33.291227,RA07-0003,RH Shaft,BOLT-05,120,114.0,126.0,121.06,OK
2026-06-16 12:43:33.291227,RA07-0003,RH Shaft,BOLT-06,120,114.0,126.0,117.43,OK
2026-06-16 12:43:33.291227,RA07-0003,LH Wheel Hub,BOLT-01,220,209.0,231.0,232.31,OVER TORQUE
2026-06-16 12:43:33.291227,RA07-0003,LH Wheel Hub,BOLT-02,220,209.0,231.0,223.13,OK
2026-06-16 12:43:33.291227,RA07-0003,LH Wheel Hub,BOLT-03,220,209.0,231.0,212.14,OK
2026-06-16 12:43:33.291227,RA07-0003,LH Wheel Hub,BOLT-04,220,209.0,231.0,224.33,OK
2026-06-16 12:43:33.291227,RA07-0003,LH Wheel Hub,BOLT-05,220,209.0,231.0,213.57,OK
2026-06-16 12:43:33.291227,RA07-0003,LH Wheel Hub,BOLT-06,220,209.0,231.0,225.19,OK
2026-06-16 12:43:33.291227,RA07-0003,LH Wheel Hub,BOLT-07,220,209.0,231.0,227.65,OK
2026-06-16 12:43:33.291227,RA07-0003,LH Wheel Hub,BOLT-08,220,209.0,231.0,214.58,OK
2026-06-16 12:43:33.291227,RA07-0003,LH Wheel Hub,BOLT-09,220,209.0,231.0,226.36,OK
2026-06-16 12:43:33.291227,RA07-0003,LH Wheel Hub,BOLT-10,220,209.0,231.0,222.72,OK
2026-06-16 12:43:33.291227,RA07-0003,LH Wheel Hub,BOLT-11,220,209.0,231.0,225.43,OK
2026-06-16 12:43:33.291227,RA07-0003,LH Wheel Hub,BOLT-12,220,209.0,231.0,232.52,OVER TORQUE
2026-06-16 12:43:33.291227,RA07-0003,RH Wheel Hub,BOLT-01,220,209.0,231.0,218.38,OK
2026-06-16 12:43:33.291227,RA07-0003,RH Wheel Hub,BOLT-02,220,209.0,231.0,215.03,OK
2026-06-16 12:43:33.291227,RA07-0003,RH Wheel Hub,BOLT-03,220,209.0,231.0,214.13,OK
2026-06-16 12:43:33.291227,RA07-0003,RH Wheel Hub,BOLT-04,220,209.0,231.0,214.62,OK
2026-06-16 12:43:33.291227,RA07-0003,RH Wheel Hub,BOLT-05,220,209.0,231.0,219.49,OK
2026-06-16 12:43:33.291227,RA07-0003,RH Wheel Hub,BOLT-06,220,209.0,231.0,222.25,OK
2026-06-16 12:43:33.291227,RA07-0003,RH Wheel Hub,BOLT-07,220,209.0,231.0,221.83,OK
2026-06-16 12:43:33.291227,RA07-0003,RH Wheel Hub,BOLT-08,220,209.0,231.0,225.46,OK
2026-06-16 12:43:33.291227,RA07-0003,RH Wheel Hub,BOLT-09,220,209.0,231.0,220.09,OK
2026-06-16 12:43:33.291227,RA07-0003,RH Wheel Hub,BOLT-10,220,209.0,231.0,229.59,OK
2026-06-16 12:43:33.291227,RA07-0003,RH Wheel Hub,BOLT-11,220,209.0,231.0,218.25,OK
2026-06-16 12:43:33.291227,RA07-0003,RH Wheel Hub,BOLT-12,220,209.0,231.0,237.95,OVER TORQUE
2026-06-16 12:43:33.291227,RA07-0003,LH Brake Caliper,BOLT-01,95,90.25,99.75,96.78,OK
2026-06-16 12:43:33.291227,RA07-0003,LH Brake Caliper,BOLT-02,95,90.25,99.75,92.56,OK
2026-06-16 12:43:33.291227,RA07-0003,LH Brake Caliper,BOLT-03,95,90.25,99.75,91.95,OK
2026-06-16 12:43:33.291227,RA07-0003,LH Brake Caliper,BOLT-04,95,90.25,99.75,96.38,OK
2026-06-16 12:43:33.291227,RA07-0003,LH Brake Caliper,BOLT-05,95,90.25,99.75,94.36,OK
2026-06-16 12:43:33.291227,RA07-0003,LH Brake Caliper,BOLT-06,95,90.25,99.75,97.03,OK
2026-06-16 12:43:33.291227,RA07-0003,RH Brake Caliper,BOLT-01,95,90.25,99.75,96.35,OK
2026-06-16 12:43:33.291227,RA07-0003,RH Brake Caliper,BOLT-02,95,90.25,99.75,94.79,OK
2026-06-16 12:43:33.291227,RA07-0003,RH Brake Caliper,BOLT-03,95,90.25,99.75,92.59,OK
2026-06-16 12:43:33.291227,RA07-0003,RH Brake Caliper,BOLT-04,95,90.25,99.75,90.68,OK
2026-06-16 12:43:33.291227,RA07-0003,RH Brake Caliper,BOLT-05,95,90.25,99.75,93.73,OK
2026-06-16 12:43:33.291227,RA07-0003,RH Brake Caliper,BOLT-06,95,90.25,99.75,97.44,OK
2026-06-16 12:43:33.291227,RA07-0003,LH Brake Chamber,BOLT-01,70,66.5,73.5,70.45,OK
2026-06-16 12:43:33.291227,RA07-0003,LH Brake Chamber,BOLT-02,70,66.5,73.5,67.38,OK
2026-06-16 12:43:33.291227,RA07-0003,RH Brake Chamber,BOLT-01,70,66.5,73.5,70.36,OK
2026-06-16 12:43:33.291227,RA07-0003,RH Brake Chamber,BOLT-02,70,66.5,73.5,70.81,OK
2026-06-16 12:43:33.291227,RA07-0003,Drain Plug,BOLT-01,35,33.25,36.75,34.07,OK
2026-06-16 12:43:33.291227,RA07-0003,Magnetic Plug,BOLT-01,35,33.25,36.75,35.16,OK
2026-06-16 12:43:33.291227,RA07-0004,Drive Head,BOLT-01,180,171.0,189.0,180.31,OK
2026-06-16 12:43:33.291227,RA07-0004,Drive Head,BOLT-02,180,171.0,189.0,173.83,OK
2026-06-16 12:43:33.291227,RA07-0004,Drive Head,BOLT-03,180,171.0,189.0,181.93,OK
2026-06-16 12:43:33.291227,RA07-0004,Drive Head,BOLT-04,180,171.0,189.0,183.03,OK
2026-06-16 12:43:33.291227,RA07-0004,Drive Head,BOLT-05,180,171.0,189.0,185.85,OK
2026-06-16 12:43:33.291227,RA07-0004,Drive Head,BOLT-06,180,171.0,189.0,185.69,OK
2026-06-16 12:43:33.291227,RA07-0004,Drive Head,BOLT-07,180,171.0,189.0,172.56,OK
2026-06-16 12:43:33.291227,RA07-0004,Drive Head,BOLT-08,180,171.0,189.0,174.94,OK
2026-06-16 12:43:33.291227,RA07-0004,Drive Head,BOLT-09,180,171.0,189.0,182.78,OK
2026-06-16 12:43:33.291227,RA07-0004,Drive Head,BOLT-10,180,171.0,189.0,182.77,OK
2026-06-16 12:43:33.291227,RA07-0004,Drive Head,BOLT-11,180,171.0,189.0,182.78,OK
2026-06-16 12:43:33.291227,RA07-0004,Drive Head,BOLT-12,180,171.0,189.0,200.8,OVER TORQUE
2026-06-16 12:43:33.291227,RA07-0004,LH Shaft,BOLT-01,120,114.0,126.0,122.06,OK
2026-06-16 12:43:33.291227,RA07-0004,LH Shaft,BOLT-02,120,114.0,126.0,124.09,OK
2026-06-16 12:43:33.291227,RA07-0004,LH Shaft,BOLT-03,120,114.0,126.0,123.43,OK
2026-06-16 12:43:33.291227,RA07-0004,LH Shaft,BOLT-04,120,114.0,126.0,122.35,OK
2026-06-16 12:43:33.291227,RA07-0004,LH Shaft,BOLT-05,120,114.0,126.0,118.87,OK
2026-06-16 12:43:33.291227,RA07-0004,LH Shaft,BOLT-06,120,114.0,126.0,122.73,OK
2026-06-16 12:43:33.291227,RA07-0004,RH Shaft,BOLT-01,120,114.0,126.0,117.22,OK
2026-06-16 12:43:33.291227,RA07-0004,RH Shaft,BOLT-02,120,114.0,126.0,119.15,OK
2026-06-16 12:43:33.291227,RA07-0004,RH Shaft,BOLT-03,120,114.0,126.0,118.25,OK
2026-06-16 12:43:33.291227,RA07-0004,RH Shaft,BOLT-04,120,114.0,126.0,120.29,OK
2026-06-16 12:43:33.291227,RA07-0004,RH Shaft,BOLT-05,120,114.0,126.0,128.33,OVER TORQUE
2026-06-16 12:43:33.291227,RA07-0004,RH Shaft,BOLT-06,120,114.0,126.0,113.28,UNDER TORQUE
2026-06-16 12:43:33.291227,RA07-0004,LH Wheel Hub,BOLT-01,220,209.0,231.0,224.53,OK
2026-06-16 12:43:33.291227,RA07-0004,LH Wheel Hub,BOLT-02,220,209.0,231.0,209.36,OK
2026-06-16 12:43:33.291227,RA07-0004,LH Wheel Hub,BOLT-03,220,209.0,231.0,216.89,OK
2026-06-16 12:43:33.291227,RA07-0004,LH Wheel Hub,BOLT-04,220,209.0,231.0,227.19,OK
2026-06-16 12:43:33.291227,RA07-0004,LH Wheel Hub,BOLT-05,220,209.0,231.0,220.42,OK
2026-06-16 12:43:33.291227,RA07-0004,LH Wheel Hub,BOLT-06,220,209.0,231.0,212.89,OK
2026-06-16 12:43:33.291227,RA07-0004,LH Wheel Hub,BOLT-07,220,209.0,231.0,215.28,OK
2026-06-16 12:43:33.291227,RA07-0004,LH Wheel Hub,BOLT-08,220,209.0,231.0,224.49,OK
2026-06-16 12:43:33.291227,RA07-0004,LH Wheel Hub,BOLT-09,220,209.0,231.0,215.18,OK
2026-06-16 12:43:33.291227,RA07-0004,LH Wheel Hub,BOLT-10,220,209.0,231.0,221.43,OK
2026-06-16 12:43:33.291227,RA07-0004,LH Wheel Hub,BOLT-11,220,209.0,231.0,220.3,OK
2026-06-16 12:43:33.291227,RA07-0004,LH Wheel Hub,BOLT-12,220,209.0,231.0,215.7,OK
2026-06-16 12:43:33.291227,RA07-0004,RH Wheel Hub,BOLT-01,220,209.0,231.0,234.15,OVER TORQUE
2026-06-16 12:43:33.291227,RA07-0004,RH Wheel Hub,BOLT-02,220,209.0,231.0,224.18,OK
2026-06-16 12:43:33.291227,RA07-0004,RH Wheel Hub,BOLT-03,220,209.0,231.0,206.63,UNDER TORQUE
2026-06-16 12:43:33.291227,RA07-0004,RH Wheel Hub,BOLT-04,220,209.0,231.0,221.23,OK
2026-06-16 12:43:33.291227,RA07-0004,RH Wheel Hub,BOLT-05,220,209.0,231.0,215.63,OK
2026-06-16 12:43:33.291227,RA07-0004,RH Wheel Hub,BOLT-06,220,209.0,231.0,225.63,OK
2026-06-16 12:43:33.291227,RA07-0004,RH Wheel Hub,BOLT-07,220,209.0,231.0,214.77,OK
2026-06-16 12:43:33.291227,RA07-0004,RH Wheel Hub,BOLT-08,220,209.0,231.0,219.24,OK
2026-06-16 12:43:33.291227,RA07-0004,RH Wheel Hub,BOLT-09,220,209.0,231.0,223.33,OK
2026-06-16 12:43:33.291227,RA07-0004,RH Wheel Hub,BOLT-10,220,209.0,231.0,225.71,OK
2026-06-16 12:43:33.291227,RA07-0004,RH Wheel Hub,BOLT-11,220,209.0,231.0,212.08,OK
2026-06-16 12:43:33.291227,RA07-0004,RH Wheel Hub,BOLT-12,220,209.0,231.0,217.79,OK
2026-06-16 12:43:33.291227,RA07-0004,LH Brake Caliper,BOLT-01,95,90.25,99.75,93.65,OK
2026-06-16 12:43:33.291227,RA07-0004,LH Brake Caliper,BOLT-02,95,90.25,99.75,93.14,OK
2026-06-16 12:43:33.291227,RA07-0004,LH Brake Caliper,BOLT-03,95,90.25,99.75,100.03,OVER TORQUE
2026-06-16 12:43:33.291227,RA07-0004,LH Brake Caliper,BOLT-04,95,90.25,99.75,96.15,OK
2026-06-16 12:43:33.291227,RA07-0004,LH Brake Caliper,BOLT-05,95,90.25,99.75,91.41,OK
2026-06-16 12:43:33.291227,RA07-0004,LH Brake Caliper,BOLT-06,95,90.25,99.75,97.62,OK
2026-06-16 12:43:33.291227,RA07-0004,RH Brake Caliper,BOLT-01,95,90.25,99.75,101.05,OVER TORQUE
2026-06-16 12:43:33.291227,RA07-0004,RH Brake Caliper,BOLT-02,95,90.25,99.75,97.94,OK
2026-06-16 12:43:33.291227,RA07-0004,RH Brake Caliper,BOLT-03,95,90.25,99.75,90.67,OK
2026-06-16 12:43:33.291227,RA07-0004,RH Brake Caliper,BOLT-04,95,90.25,99.75,93.62,OK
2026-06-16 12:43:33.291227,RA07-0004,RH Brake Caliper,BOLT-05,95,90.25,99.75,98.61,OK
2026-06-16 12:43:33.291227,RA07-0004,RH Brake Caliper,BOLT-06,95,90.25,99.75,92.98,OK
2026-06-16 12:43:33.291227,RA07-0004,LH Brake Chamber,BOLT-01,70,66.5,73.5,70.93,OK
2026-06-16 12:43:33.291227,RA07-0004,LH Brake Chamber,BOLT-02,70,66.5,73.5,71.63,OK
2026-06-16 12:43:33.291227,RA07-0004,RH Brake Chamber,BOLT-01,70,66.5,73.5,68.05,OK
2026-06-16 12:43:33.291227,RA07-0004,RH Brake Chamber,BOLT-02,70,66.5,73.5,69.87,OK
2026-06-16 12:43:33.291227,RA07-0004,Drain Plug,BOLT-01,35,33.25,36.75,31.6,UNDER TORQUE
2026-06-16 12:43:33.291227,RA07-0004,Magnetic Plug,BOLT-01,35,33.25,36.75,33.92,OK
2026-06-16 12:43:33.291227,RA07-0005,Drive Head,BOLT-01,180,171.0,189.0,178.64,OK
2026-06-16 12:43:33.291227,RA07-0005,Drive Head,BOLT-02,180,171.0,189.0,173.26,OK
2026-06-16 12:43:33.291227,RA07-0005,Drive Head,BOLT-03,180,171.0,189.0,188.82,OK
2026-06-16 12:43:33.291227,RA07-0005,Drive Head,BOLT-04,180,171.0,189.0,172.28,OK
2026-06-16 12:43:33.291227,RA07-0005,Drive Head,BOLT-05,180,171.0,189.0,177.62,OK
2026-06-16 12:43:33.291227,RA07-0005,Drive Head,BOLT-06,180,171.0,189.0,180.71,OK
2026-06-16 12:43:33.291227,RA07-0005,Drive Head,BOLT-07,180,171.0,189.0,187.78,OK
2026-06-16 12:43:33.291227,RA07-0005,Drive Head,BOLT-08,180,171.0,189.0,172.25,OK
2026-06-16 12:43:33.291227,RA07-0005,Drive Head,BOLT-09,180,171.0,189.0,186.28,OK
2026-06-16 12:43:33.291227,RA07-0005,Drive Head,BOLT-10,180,171.0,189.0,180.06,OK
2026-06-16 12:43:33.291227,RA07-0005,Drive Head,BOLT-11,180,171.0,189.0,174.7,OK
2026-06-16 12:43:33.291227,RA07-0005,Drive Head,BOLT-12,180,171.0,189.0,182.5,OK
2026-06-16 12:43:33.291227,RA07-0005,LH Shaft,BOLT-01,120,114.0,126.0,120.72,OK
2026-06-16 12:43:33.291227,RA07-0005,LH Shaft,BOLT-02,120,114.0,126.0,117.84,OK
2026-06-16 12:43:33.291227,RA07-0005,LH Shaft,BOLT-03,120,114.0,126.0,120.25,OK
2026-06-16 12:43:33.291227,RA07-0005,LH Shaft,BOLT-04,120,114.0,126.0,118.61,OK
2026-06-16 12:43:33.291227,RA07-0005,LH Shaft,BOLT-05,120,114.0,126.0,120.41,OK
2026-06-16 12:43:33.291227,RA07-0005,LH Shaft,BOLT-06,120,114.0,126.0,122.38,OK
2026-06-16 12:43:33.291227,RA07-0005,RH Shaft,BOLT-01,120,114.0,126.0,125.71,OK
2026-06-16 12:43:33.291227,RA07-0005,RH Shaft,BOLT-02,120,114.0,126.0,115.54,OK
2026-06-16 12:43:33.291227,RA07-0005,RH Shaft,BOLT-03,120,114.0,126.0,127.68,OVER TORQUE
2026-06-16 12:43:33.291227,RA07-0005,RH Shaft,BOLT-04,120,114.0,126.0,112.97,UNDER TORQUE
2026-06-16 12:43:33.291227,RA07-0005,RH Shaft,BOLT-05,120,114.0,126.0,119.45,OK
2026-06-16 12:43:33.291227,RA07-0005,RH Shaft,BOLT-06,120,114.0,126.0,122.12,OK
2026-06-16 12:43:33.291227,RA07-0005,LH Wheel Hub,BOLT-01,220,209.0,231.0,221.85,OK
2026-06-16 12:43:33.291227,RA07-0005,LH Wheel Hub,BOLT-02,220,209.0,231.0,215.89,OK
2026-06-16 12:43:33.291227,RA07-0005,LH Wheel Hub,BOLT-03,220,209.0,231.0,218.63,OK
2026-06-16 12:43:33.291227,RA07-0005,LH Wheel Hub,BOLT-04,220,209.0,231.0,216.75,OK
2026-06-16 12:43:33.291227,RA07-0005,LH Wheel Hub,BOLT-05,220,209.0,231.0,216.11,OK
2026-06-16 12:43:33.291227,RA07-0005,LH Wheel Hub,BOLT-06,220,209.0,231.0,225.61,OK
2026-06-16 12:43:33.291227,RA07-0005,LH Wheel Hub,BOLT-07,220,209.0,231.0,222.36,OK
2026-06-16 12:43:33.291227,RA07-0005,LH Wheel Hub,BOLT-08,220,209.0,231.0,215.43,OK
2026-06-16 12:43:33.291227,RA07-0005,LH Wheel Hub,BOLT-09,220,209.0,231.0,225.94,OK
2026-06-16 12:43:33.291227,RA07-0005,LH Wheel Hub,BOLT-10,220,209.0,231.0,222.03,OK
2026-06-16 12:43:33.291227,RA07-0005,LH Wheel Hub,BOLT-11,220,209.0,231.0,225.36,OK
2026-06-16 12:43:33.291227,RA07-0005,LH Wheel Hub,BOLT-12,220,209.0,231.0,224.16,OK
2026-06-16 12:43:33.291227,RA07-0005,RH Wheel Hub,BOLT-01,220,209.0,231.0,214.53,OK
2026-06-16 12:43:33.291227,RA07-0005,RH Wheel Hub,BOLT-02,220,209.0,231.0,216.3,OK
2026-06-16 12:43:33.291227,RA07-0005,RH Wheel Hub,BOLT-03,220,209.0,231.0,224.93,OK
2026-06-16 12:43:33.291227,RA07-0005,RH Wheel Hub,BOLT-04,220,209.0,231.0,224.03,OK
2026-06-16 12:43:33.291227,RA07-0005,RH Wheel Hub,BOLT-05,220,209.0,231.0,219.86,OK
2026-06-16 12:43:33.291227,RA07-0005,RH Wheel Hub,BOLT-06,220,209.0,231.0,220.77,OK
2026-06-16 12:43:33.291227,RA07-0005,RH Wheel Hub,BOLT-07,220,209.0,231.0,228.43,OK
2026-06-16 12:43:33.291227,RA07-0005,RH Wheel Hub,BOLT-08,220,209.0,231.0,216.1,OK
2026-06-16 12:43:33.291227,RA07-0005,RH Wheel Hub,BOLT-09,220,209.0,231.0,223.61,OK
2026-06-16 12:43:33.291227,RA07-0005,RH Wheel Hub,BOLT-10,220,209.0,231.0,218.67,OK
2026-06-16 12:43:33.291227,RA07-0005,RH Wheel Hub,BOLT-11,220,209.0,231.0,218.56,OK
2026-06-16 12:43:33.291227,RA07-0005,RH Wheel Hub,BOLT-12,220,209.0,231.0,227.25,OK
2026-06-16 12:43:33.291227,RA07-0005,LH Brake Caliper,BOLT-01,95,90.25,99.75,97.35,OK
2026-06-16 12:43:33.291227,RA07-0005,LH Brake Caliper,BOLT-02,95,90.25,99.75,97.32,OK
2026-06-16 12:43:33.291227,RA07-0005,LH Brake Caliper,BOLT-03,95,90.25,99.75,98.72,OK
2026-06-16 12:43:33.291227,RA07-0005,LH Brake Caliper,BOLT-04,95,90.25,99.75,95.06,OK
2026-06-16 12:43:33.291227,RA07-0005,LH Brake Caliper,BOLT-05,95,90.25,99.75,96.94,OK
2026-06-16 12:43:33.291227,RA07-0005,LH Brake Caliper,BOLT-06,95,90.25,99.75,94.12,OK
2026-06-16 12:43:33.291227,RA07-0005,RH Brake Caliper,BOLT-01,95,90.25,99.75,95.92,OK
2026-06-16 12:43:33.291227,RA07-0005,RH Brake Caliper,BOLT-02,95,90.25,99.75,94.63,OK
2026-06-16 12:43:33.291227,RA07-0005,RH Brake Caliper,BOLT-03,95,90.25,99.75,95.28,OK
2026-06-16 12:43:33.291227,RA07-0005,RH Brake Caliper,BOLT-04,95,90.25,99.75,96.7,OK
2026-06-16 12:43:33.291227,RA07-0005,RH Brake Caliper,BOLT-05,95,90.25,99.75,92.67,OK
2026-06-16 12:43:33.291227,RA07-0005,RH Brake Caliper,BOLT-06,95,90.25,99.75,100.96,OVER TORQUE
2026-06-16 12:43:33.291227,RA07-0005,LH Brake Chamber,BOLT-01,70,66.5,73.5,67.89,OK
2026-06-16 12:43:33.291227,RA07-0005,LH Brake Chamber,BOLT-02,70,66.5,73.5,67.45,OK
2026-06-16 12:43:33.291227,RA07-0005,RH Brake Chamber,BOLT-01,70,66.5,73.5,72.43,OK
2026-06-16 12:43:33.291227,RA07-0005,RH Brake Chamber,BOLT-02,70,66.5,73.5,71.66,OK
2026-06-16 12:43:33.291227,RA07-0005,Drain Plug,BOLT-01,35,33.25,36.75,35.66,OK
2026-06-16 12:43:33.291227,RA07-0005,Magnetic Plug,BOLT-01,35,33.25,36.75,35.66,OK
2026-06-16 12:43:33.291227,RA07-0006,Drive Head,BOLT-01,180,171.0,189.0,179.93,OK
2026-06-16 12:43:33.291227,RA07-0006,Drive Head,BOLT-02,180,171.0,189.0,175.15,OK
2026-06-16 12:43:33.291227,RA07-0006,Drive Head,BOLT-03,180,171.0,189.0,180.41,OK
2026-06-16 12:43:33.291227,RA07-0006,Drive Head,BOLT-04,180,171.0,189.0,176.34,OK
2026-06-16 12:43:33.291227,RA07-0006,Drive Head,BOLT-05,180,171.0,189.0,185.27,OK
2026-06-16 12:43:33.291227,RA07-0006,Drive Head,BOLT-06,180,171.0,189.0,179.21,OK
2026-06-16 12:43:33.291227,RA07-0006,Drive Head,BOLT-07,180,171.0,189.0,175.54,OK
2026-06-16 12:43:33.291227,RA07-0006,Drive Head,BOLT-08,180,171.0,189.0,178.26,OK
2026-06-16 12:43:33.291227,RA07-0006,Drive Head,BOLT-09,180,171.0,189.0,182.23,OK
2026-06-16 12:43:33.291227,RA07-0006,Drive Head,BOLT-10,180,171.0,189.0,176.96,OK
2026-06-16 12:43:33.291227,RA07-0006,Drive Head,BOLT-11,180,171.0,189.0,175.56,OK
2026-06-16 12:43:33.291227,RA07-0006,Drive Head,BOLT-12,180,171.0,189.0,181.32,OK
2026-06-16 12:43:33.291227,RA07-0006,LH Shaft,BOLT-01,120,114.0,126.0,120.88,OK
2026-06-16 12:43:33.291227,RA07-0006,LH Shaft,BOLT-02,120,114.0,126.0,118.18,OK
2026-06-16 12:43:33.291227,RA07-0006,LH Shaft,BOLT-03,120,114.0,126.0,118.3,OK
2026-06-16 12:43:33.291227,RA07-0006,LH Shaft,BOLT-04,120,114.0,126.0,120.84,OK
2026-06-16 12:43:33.291227,RA07-0006,LH Shaft,BOLT-05,120,114.0,126.0,114.79,OK
2026-06-16 12:43:33.291227,RA07-0006,LH Shaft,BOLT-06,120,114.0,126.0,114.93,OK
2026-06-16 12:43:33.291227,RA07-0006,RH Shaft,BOLT-01,120,114.0,126.0,117.41,OK
2026-06-16 12:43:33.291227,RA07-0006,RH Shaft,BOLT-02,120,114.0,126.0,119.23,OK
2026-06-16 12:43:33.291227,RA07-0006,RH Shaft,BOLT-03,120,114.0,126.0,121.12,OK
2026-06-16 12:43:33.291227,RA07-0006,RH Shaft,BOLT-04,120,114.0,126.0,125.31,OK
2026-06-16 12:43:33.291227,RA07-0006,RH Shaft,BOLT-05,120,114.0,126.0,123.09,OK
2026-06-16 12:43:33.291227,RA07-0006,RH Shaft,BOLT-06,120,114.0,126.0,119.42,OK
2026-06-16 12:43:33.291227,RA07-0006,LH Wheel Hub,BOLT-01,220,209.0,231.0,219.87,OK
2026-06-16 12:43:33.291227,RA07-0006,LH Wheel Hub,BOLT-02,220,209.0,231.0,213.38,OK
2026-06-16 12:43:33.291227,RA07-0006,LH Wheel Hub,BOLT-03,220,209.0,231.0,219.88,OK
2026-06-16 12:43:33.291227,RA07-0006,LH Wheel Hub,BOLT-04,220,209.0,231.0,218.09,OK
2026-06-16 12:43:33.291227,RA07-0006,LH Wheel Hub,BOLT-05,220,209.0,231.0,222.13,OK
2026-06-16 12:43:33.291227,RA07-0006,LH Wheel Hub,BOLT-06,220,209.0,231.0,214.54,OK
2026-06-16 12:43:33.291227,RA07-0006,LH Wheel Hub,BOLT-07,220,209.0,231.0,223.43,OK
2026-06-16 12:43:33.291227,RA07-0006,LH Wheel Hub,BOLT-08,220,209.0,231.0,230.12,OK
2026-06-16 12:43:33.291227,RA07-0006,LH Wheel Hub,BOLT-09,220,209.0,231.0,219.28,OK
2026-06-16 12:43:33.291227,RA07-0006,LH Wheel Hub,BOLT-10,220,209.0,231.0,222.65,OK
2026-06-16 12:43:33.291227,RA07-0006,LH Wheel Hub,BOLT-11,220,209.0,231.0,224.55,OK
2026-06-16 12:43:33.291227,RA07-0006,LH Wheel Hub,BOLT-12,220,209.0,231.0,217.35,OK
2026-06-16 12:43:33.291227,RA07-0006,RH Wheel Hub,BOLT-01,220,209.0,231.0,221.48,OK
2026-06-16 12:43:33.291227,RA07-0006,RH Wheel Hub,BOLT-02,220,209.0,231.0,220.08,OK
2026-06-16 12:43:33.291227,RA07-0006,RH Wheel Hub,BOLT-03,220,209.0,231.0,220.64,OK
2026-06-16 12:43:33.291227,RA07-0006,RH Wheel Hub,BOLT-04,220,209.0,231.0,214.9,OK
2026-06-16 12:43:33.291227,RA07-0006,RH Wheel Hub,BOLT-05,220,209.0,231.0,220.16,OK
2026-06-16 12:43:33.291227,RA07-0006,RH Wheel Hub,BOLT-06,220,209.0,231.0,223.29,OK
2026-06-16 12:43:33.291227,RA07-0006,RH Wheel Hub,BOLT-07,220,209.0,231.0,229.58,OK
2026-06-16 12:43:33.291227,RA07-0006,RH Wheel Hub,BOLT-08,220,209.0,231.0,226.33,OK
2026-06-16 12:43:33.291227,RA07-0006,RH Wheel Hub,BOLT-09,220,209.0,231.0,234.21,OVER TORQUE
2026-06-16 12:43:33.291227,RA07-0006,RH Wheel Hub,BOLT-10,220,209.0,231.0,214.94,OK
2026-06-16 12:43:33.291227,RA07-0006,RH Wheel Hub,BOLT-11,220,209.0,231.0,225.76,OK
2026-06-16 12:43:33.291227,RA07-0006,RH Wheel Hub,BOLT-12,220,209.0,231.0,221.21,OK
2026-06-16 12:43:33.291227,RA07-0006,LH Brake Caliper,BOLT-01,95,90.25,99.75,101.24,OVER TORQUE
2026-06-16 12:43:33.291227,RA07-0006,LH Brake Caliper,BOLT-02,95,90.25,99.75,92.7,OK
2026-06-16 12:43:33.291227,RA07-0006,LH Brake Caliper,BOLT-03,95,90.25,99.75,92.61,OK
2026-06-16 12:43:33.291227,RA07-0006,LH Brake Caliper,BOLT-04,95,90.25,99.75,93.29,OK
2026-06-16 12:43:33.291227,RA07-0006,LH Brake Caliper,BOLT-05,95,90.25,99.75,88.95,UNDER TORQUE
2026-06-16 12:43:33.291227,RA07-0006,LH Brake Caliper,BOLT-06,95,90.25,99.75,93.5,OK
2026-06-16 12:43:33.291227,RA07-0006,RH Brake Caliper,BOLT-01,95,90.25,99.75,92.84,OK
2026-06-16 12:43:33.291227,RA07-0006,RH Brake Caliper,BOLT-02,95,90.25,99.75,95.43,OK
2026-06-16 12:43:33.292538,RA07-0006,RH Brake Caliper,BOLT-03,95,90.25,99.75,95.97,OK
2026-06-16 12:43:33.292538,RA07-0006,RH Brake Caliper,BOLT-04,95,90.25,99.75,100.35,OVER TORQUE
2026-06-16 12:43:33.292538,RA07-0006,RH Brake Caliper,BOLT-05,95,90.25,99.75,97.71,OK
2026-06-16 12:43:33.292538,RA07-0006,RH Brake Caliper,BOLT-06,95,90.25,99.75,93.36,OK
2026-06-16 12:43:33.292538,RA07-0006,LH Brake Chamber,BOLT-01,70,66.5,73.5,68.11,OK
2026-06-16 12:43:33.292538,RA07-0006,LH Brake Chamber,BOLT-02,70,66.5,73.5,71.03,OK
2026-06-16 12:43:33.292538,RA07-0006,RH Brake Chamber,BOLT-01,70,66.5,73.5,67.23,OK
2026-06-16 12:43:33.292538,RA07-0006,RH Brake Chamber,BOLT-02,70,66.5,73.5,73.85,OVER TORQUE
2026-06-16 12:43:33.292538,RA07-0006,Drain Plug,BOLT-01,35,33.25,36.75,36.24,OK
2026-06-16 12:43:33.292538,RA07-0006,Magnetic Plug,BOLT-01,35,33.25,36.75,34.51,OK
2026-06-16 12:43:33.292538,RA07-0007,Drive Head,BOLT-01,180,171.0,189.0,170.75,UNDER TORQUE
2026-06-16 12:43:33.292538,RA07-0007,Drive Head,BOLT-02,180,171.0,189.0,187.31,OK
2026-06-16 12:43:33.292538,RA07-0007,Drive Head,BOLT-03,180,171.0,189.0,179.38,OK
2026-06-16 12:43:33.292538,RA07-0007,Drive Head,BOLT-04,180,171.0,189.0,186.68,OK
2026-06-16 12:43:33.292538,RA07-0007,Drive Head,BOLT-05,180,171.0,189.0,171.39,OK
2026-06-16 12:43:33.292538,RA07-0007,Drive Head,BOLT-06,180,171.0,189.0,176.76,OK
2026-06-16 12:43:33.292538,RA07-0007,Drive Head,BOLT-07,180,171.0,189.0,180.03,OK
2026-06-16 12:43:33.292538,RA07-0007,Drive Head,BOLT-08,180,171.0,189.0,180.25,OK
2026-06-16 12:43:33.292538,RA07-0007,Drive Head,BOLT-09,180,171.0,189.0,177.57,OK
2026-06-16 12:43:33.292538,RA07-0007,Drive Head,BOLT-10,180,171.0,189.0,183.36,OK
2026-06-16 12:43:33.292538,RA07-0007,Drive Head,BOLT-11,180,171.0,189.0,174.23,OK
2026-06-16 12:43:33.292538,RA07-0007,Drive Head,BOLT-12,180,171.0,189.0,179.23,OK
2026-06-16 12:43:33.292538,RA07-0007,LH Shaft,BOLT-01,120,114.0,126.0,120.43,OK
2026-06-16 12:43:33.292538,RA07-0007,LH Shaft,BOLT-02,120,114.0,126.0,121.85,OK
2026-06-16 12:43:33.292538,RA07-0007,LH Shaft,BOLT-03,120,114.0,126.0,122.56,OK
2026-06-16 12:43:33.292538,RA07-0007,LH Shaft,BOLT-04,120,114.0,126.0,115.95,OK
2026-06-16 12:43:33.292538,RA07-0007,LH Shaft,BOLT-05,120,114.0,126.0,114.48,OK
2026-06-16 12:43:33.292538,RA07-0007,LH Shaft,BOLT-06,120,114.0,126.0,124.6,OK
2026-06-16 12:43:33.292538,RA07-0007,RH Shaft,BOLT-01,120,114.0,126.0,121.2,OK
2026-06-16 12:43:33.292538,RA07-0007,RH Shaft,BOLT-02,120,114.0,126.0,117.31,OK
2026-06-16 12:43:33.292538,RA07-0007,RH Shaft,BOLT-03,120,114.0,126.0,125.58,OK
2026-06-16 12:43:33.292538,RA07-0007,RH Shaft,BOLT-04,120,114.0,126.0,120.42,OK
2026-06-16 12:43:33.292538,RA07-0007,RH Shaft,BOLT-05,120,114.0,126.0,124.25,OK
2026-06-16 12:43:33.292538,RA07-0007,RH Shaft,BOLT-06,120,114.0,126.0,120.24,OK
2026-06-16 12:43:33.292538,RA07-0007,LH Wheel Hub,BOLT-01,220,209.0,231.0,233.6,OVER TORQUE
2026-06-16 12:43:33.292538,RA07-0007,LH Wheel Hub,BOLT-02,220,209.0,231.0,231.59,OVER TORQUE
2026-06-16 12:43:33.292538,RA07-0007,LH Wheel Hub,BOLT-03,220,209.0,231.0,218.36,OK
2026-06-16 12:43:33.292538,RA07-0007,LH Wheel Hub,BOLT-04,220,209.0,231.0,226.41,OK
2026-06-16 12:43:33.292538,RA07-0007,LH Wheel Hub,BOLT-05,220,209.0,231.0,224.26,OK
2026-06-16 12:43:33.292538,RA07-0007,LH Wheel Hub,BOLT-06,220,209.0,231.0,229.03,OK
2026-06-16 12:43:33.292538,RA07-0007,LH Wheel Hub,BOLT-07,220,209.0,231.0,213.63,OK
2026-06-16 12:43:33.292538,RA07-0007,LH Wheel Hub,BOLT-08,220,209.0,231.0,224.53,OK
2026-06-16 12:43:33.292538,RA07-0007,LH Wheel Hub,BOLT-09,220,209.0,231.0,226.99,OK
2026-06-16 12:43:33.292538,RA07-0007,LH Wheel Hub,BOLT-10,220,209.0,231.0,208.39,UNDER TORQUE
2026-06-16 12:43:33.292538,RA07-0007,LH Wheel Hub,BOLT-11,220,209.0,231.0,212.19,OK
2026-06-16 12:43:33.292538,RA07-0007,LH Wheel Hub,BOLT-12,220,209.0,231.0,206.54,UNDER TORQUE
2026-06-16 12:43:33.292538,RA07-0007,RH Wheel Hub,BOLT-01,220,209.0,231.0,218.22,OK
2026-06-16 12:43:33.292538,RA07-0007,RH Wheel Hub,BOLT-02,220,209.0,231.0,224.74,OK
2026-06-16 12:43:33.292538,RA07-0007,RH Wheel Hub,BOLT-03,220,209.0,231.0,229.92,OK
2026-06-16 12:43:33.292538,RA07-0007,RH Wheel Hub,BOLT-04,220,209.0,231.0,220.49,OK
2026-06-16 12:43:33.292538,RA07-0007,RH Wheel Hub,BOLT-05,220,209.0,231.0,230.75,OK
2026-06-16 12:43:33.292538,RA07-0007,RH Wheel Hub,BOLT-06,220,209.0,231.0,210.89,OK
2026-06-16 12:43:33.292538,RA07-0007,RH Wheel Hub,BOLT-07,220,209.0,231.0,208.76,UNDER TORQUE
2026-06-16 12:43:33.292538,RA07-0007,RH Wheel Hub,BOLT-08,220,209.0,231.0,219.63,OK
2026-06-16 12:43:33.292538,RA07-0007,RH Wheel Hub,BOLT-09,220,209.0,231.0,222.53,OK
2026-06-16 12:43:33.292538,RA07-0007,RH Wheel Hub,BOLT-10,220,209.0,231.0,219.78,OK
2026-06-16 12:43:33.292538,RA07-0007,RH Wheel Hub,BOLT-11,220,209.0,231.0,206.35,UNDER TORQUE
2026-06-16 12:43:33.292538,RA07-0007,RH Wheel Hub,BOLT-12,220,209.0,231.0,219.41,OK
2026-06-16 12:43:33.292538,RA07-0007,LH Brake Caliper,BOLT-01,95,90.25,99.75,91.28,OK
2026-06-16 12:43:33.292538,RA07-0007,LH Brake Caliper,BOLT-02,95,90.25,99.75,96.91,OK
2026-06-16 12:43:33.292538,RA07-0007,LH Brake Caliper,BOLT-03,95,90.25,99.75,96.04,OK
2026-06-16 12:43:33.292538,RA07-0007,LH Brake Caliper,BOLT-04,95,90.25,99.75,92.32,OK
2026-06-16 12:43:33.292538,RA07-0007,LH Brake Caliper,BOLT-05,95,90.25,99.75,93.54,OK
2026-06-16 12:43:33.292538,RA07-0007,LH Brake Caliper,BOLT-06,95,90.25,99.75,91.98,OK
2026-06-16 12:43:33.292538,RA07-0007,RH Brake Caliper,BOLT-01,95,90.25,99.75,94.82,OK
2026-06-16 12:43:33.292538,RA07-0007,RH Brake Caliper,BOLT-02,95,90.25,99.75,97.72,OK
2026-06-16 12:43:33.292538,RA07-0007,RH Brake Caliper,BOLT-03,95,90.25,99.75,92.19,OK
2026-06-16 12:43:33.292538,RA07-0007,RH Brake Caliper,BOLT-04,95,90.25,99.75,96.44,OK
2026-06-16 12:43:33.292538,RA07-0007,RH Brake Caliper,BOLT-05,95,90.25,99.75,93.49,OK
2026-06-16 12:43:33.292538,RA07-0007,RH Brake Caliper,BOLT-06,95,90.25,99.75,92.74,OK
2026-06-16 12:43:33.292538,RA07-0007,LH Brake Chamber,BOLT-01,70,66.5,73.5,69.78,OK
2026-06-16 12:43:33.292538,RA07-0007,LH Brake Chamber,BOLT-02,70,66.5,73.5,67.83,OK
2026-06-16 12:43:33.292538,RA07-0007,RH Brake Chamber,BOLT-01,70,66.5,73.5,68.84,OK
2026-06-16 12:43:33.292538,RA07-0007,RH Brake Chamber,BOLT-02,70,66.5,73.5,67.48,OK
2026-06-16 12:43:33.292538,RA07-0007,Drain Plug,BOLT-01,35,33.25,36.75,37.06,OVER TORQUE
2026-06-16 12:43:33.292538,RA07-0007,Magnetic Plug,BOLT-01,35,33.25,36.75,35.04,OK
2026-06-16 12:43:33.292538,RA07-0008,Drive Head,BOLT-01,180,171.0,189.0,176.22,OK
2026-06-16 12:43:33.292538,RA07-0008,Drive Head,BOLT-02,180,171.0,189.0,181.16,OK
2026-06-16 12:43:33.292538,RA07-0008,Drive Head,BOLT-03,180,171.0,189.0,179.39,OK
2026-06-16 12:43:33.292538,RA07-0008,Drive Head,BOLT-04,180,171.0,189.0,178.81,OK
2026-06-16 12:43:33.292538,RA07-0008,Drive Head,BOLT-05,180,171.0,189.0,183.32,OK
2026-06-16 12:43:33.292538,RA07-0008,Drive Head,BOLT-06,180,171.0,189.0,184.09,OK
2026-06-16 12:43:33.292538,RA07-0008,Drive Head,BOLT-07,180,171.0,189.0,177.14,OK
2026-06-16 12:43:33.292538,RA07-0008,Drive Head,BOLT-08,180,171.0,189.0,176.89,OK
2026-06-16 12:43:33.292538,RA07-0008,Drive Head,BOLT-09,180,171.0,189.0,178.51,OK
2026-06-16 12:43:33.292538,RA07-0008,Drive Head,BOLT-10,180,171.0,189.0,167.57,UNDER TORQUE
2026-06-16 12:43:33.292538,RA07-0008,Drive Head,BOLT-11,180,171.0,189.0,171.82,OK
2026-06-16 12:43:33.292538,RA07-0008,Drive Head,BOLT-12,180,171.0,189.0,187.38,OK
2026-06-16 12:43:33.292538,RA07-0008,LH Shaft,BOLT-01,120,114.0,126.0,125.92,OK
2026-06-16 12:43:33.292538,RA07-0008,LH Shaft,BOLT-02,120,114.0,126.0,119.1,OK
2026-06-16 12:43:33.292538,RA07-0008,LH Shaft,BOLT-03,120,114.0,126.0,122.08,OK
2026-06-16 12:43:33.292538,RA07-0008,LH Shaft,BOLT-04,120,114.0,126.0,121.12,OK
2026-06-16 12:43:33.292538,RA07-0008,LH Shaft,BOLT-05,120,114.0,126.0,131.08,OVER TORQUE
2026-06-16 12:43:33.292538,RA07-0008,LH Shaft,BOLT-06,120,114.0,126.0,124.03,OK
2026-06-16 12:43:33.292538,RA07-0008,RH Shaft,BOLT-01,120,114.0,126.0,119.54,OK
2026-06-16 12:43:33.292538,RA07-0008,RH Shaft,BOLT-02,120,114.0,126.0,116.56,OK
2026-06-16 12:43:33.292538,RA07-0008,RH Shaft,BOLT-03,120,114.0,126.0,114.22,OK
2026-06-16 12:43:33.292538,RA07-0008,RH Shaft,BOLT-04,120,114.0,126.0,120.73,OK
2026-06-16 12:43:33.292538,RA07-0008,RH Shaft,BOLT-05,120,114.0,126.0,117.28,OK
2026-06-16 12:43:33.292538,RA07-0008,RH Shaft,BOLT-06,120,114.0,126.0,114.88,OK
2026-06-16 12:43:33.292538,RA07-0008,LH Wheel Hub,BOLT-01,220,209.0,231.0,215.73,OK
2026-06-16 12:43:33.292538,RA07-0008,LH Wheel Hub,BOLT-02,220,209.0,231.0,212.86,OK
2026-06-16 12:43:33.292538,RA07-0008,LH Wheel Hub,BOLT-03,220,209.0,231.0,231.14,OVER TORQUE
2026-06-16 12:43:33.292538,RA07-0008,LH Wheel Hub,BOLT-04,220,209.0,231.0,225.82,OK
2026-06-16 12:43:33.292538,RA07-0008,LH Wheel Hub,BOLT-05,220,209.0,231.0,219.95,OK
2026-06-16 12:43:33.292538,RA07-0008,LH Wheel Hub,BOLT-06,220,209.0,231.0,229.77,OK
2026-06-16 12:43:33.292538,RA07-0008,LH Wheel Hub,BOLT-07,220,209.0,231.0,220.51,OK
2026-06-16 12:43:33.292538,RA07-0008,LH Wheel Hub,BOLT-08,220,209.0,231.0,214.32,OK
2026-06-16 12:43:33.292538,RA07-0008,LH Wheel Hub,BOLT-09,220,209.0,231.0,230.05,OK
2026-06-16 12:43:33.292538,RA07-0008,LH Wheel Hub,BOLT-10,220,209.0,231.0,223.56,OK
2026-06-16 12:43:33.292538,RA07-0008,LH Wheel Hub,BOLT-11,220,209.0,231.0,213.15,OK
2026-06-16 12:43:33.292538,RA07-0008,LH Wheel Hub,BOLT-12,220,209.0,231.0,218.74,OK
2026-06-16 12:43:33.292538,RA07-0008,RH Wheel Hub,BOLT-01,220,209.0,231.0,214.22,OK
2026-06-16 12:43:33.292538,RA07-0008,RH Wheel Hub,BOLT-02,220,209.0,231.0,210.87,OK
2026-06-16 12:43:33.292538,RA07-0008,RH Wheel Hub,BOLT-03,220,209.0,231.0,226.11,OK
2026-06-16 12:43:33.292538,RA07-0008,RH Wheel Hub,BOLT-04,220,209.0,231.0,232.6,OVER TORQUE
2026-06-16 12:43:33.292538,RA07-0008,RH Wheel Hub,BOLT-05,220,209.0,231.0,210.77,OK
2026-06-16 12:43:33.292538,RA07-0008,RH Wheel Hub,BOLT-06,220,209.0,231.0,223.72,OK
2026-06-16 12:43:33.292538,RA07-0008,RH Wheel Hub,BOLT-07,220,209.0,231.0,215.71,OK
2026-06-16 12:43:33.292538,RA07-0008,RH Wheel Hub,BOLT-08,220,209.0,231.0,216.78,OK
2026-06-16 12:43:33.292538,RA07-0008,RH Wheel Hub,BOLT-09,220,209.0,231.0,216.09,OK
2026-06-16 12:43:33.292538,RA07-0008,RH Wheel Hub,BOLT-10,220,209.0,231.0,214.3,OK
2026-06-16 12:43:33.292538,RA07-0008,RH Wheel Hub,BOLT-11,220,209.0,231.0,220.32,OK
2026-06-16 12:43:33.292538,RA07-0008,RH Wheel Hub,BOLT-12,220,209.0,231.0,214.52,OK
2026-06-16 12:43:33.292538,RA07-0008,LH Brake Caliper,BOLT-01,95,90.25,99.75,95.77,OK
2026-06-16 12:43:33.292538,RA07-0008,LH Brake Caliper,BOLT-02,95,90.25,99.75,94.86,OK
2026-06-16 12:43:33.292538,RA07-0008,LH Brake Caliper,BOLT-03,95,90.25,99.75,94.32,OK
2026-06-16 12:43:33.292538,RA07-0008,LH Brake Caliper,BOLT-04,95,90.25,99.75,92.41,OK
2026-06-16 12:43:33.292538,RA07-0008,LH Brake Caliper,BOLT-05,95,90.25,99.75,93.36,OK
2026-06-16 12:43:33.292538,RA07-0008,LH Brake Caliper,BOLT-06,95,90.25,99.75,97.15,OK
2026-06-16 12:43:33.292538,RA07-0008,RH Brake Caliper,BOLT-01,95,90.25,99.75,96.43,OK
2026-06-16 12:43:33.292538,RA07-0008,RH Brake Caliper,BOLT-02,95,90.25,99.75,92.21,OK
2026-06-16 12:43:33.292538,RA07-0008,RH Brake Caliper,BOLT-03,95,90.25,99.75,95.28,OK
2026-06-16 12:43:33.292538,RA07-0008,RH Brake Caliper,BOLT-04,95,90.25,99.75,97.14,OK
2026-06-16 12:43:33.292538,RA07-0008,RH Brake Caliper,BOLT-05,95,90.25,99.75,90.24,UNDER TORQUE
2026-06-16 12:43:33.292538,RA07-0008,RH Brake Caliper,BOLT-06,95,90.25,99.75,96.55,OK
2026-06-16 12:43:33.292538,RA07-0008,LH Brake Chamber,BOLT-01,70,66.5,73.5,68.61,OK
2026-06-16 12:43:33.292538,RA07-0008,LH Brake Chamber,BOLT-02,70,66.5,73.5,71.2,OK
2026-06-16 12:43:33.292538,RA07-0008,RH Brake Chamber,BOLT-01,70,66.5,73.5,68.4,OK
2026-06-16 12:43:33.292538,RA07-0008,RH Brake Chamber,BOLT-02,70,66.5,73.5,66.21,UNDER TORQUE
2026-06-16 12:43:33.292538,RA07-0008,Drain Plug,BOLT-01,35,33.25,36.75,33.29,OK
2026-06-16 12:43:33.292538,RA07-0008,Magnetic Plug,BOLT-01,35,33.25,36.75,35.05,OK
2026-06-16 12:43:33.292538,RA07-0009,Drive Head,BOLT-01,180,171.0,189.0,181.4,OK
2026-06-16 12:43:33.292538,RA07-0009,Drive Head,BOLT-02,180,171.0,189.0,175.12,OK
2026-06-16 12:43:33.292538,RA07-0009,Drive Head,BOLT-03,180,171.0,189.0,183.45,OK
2026-06-16 12:43:33.292538,RA07-0009,Drive Head,BOLT-04,180,171.0,189.0,171.03,OK
2026-06-16 12:43:33.292538,RA07-0009,Drive Head,BOLT-05,180,171.0,189.0,179.64,OK
2026-06-16 12:43:33.292538,RA07-0009,Drive Head,BOLT-06,180,171.0,189.0,173.46,OK
2026-06-16 12:43:33.292538,RA07-0009,Drive Head,BOLT-07,180,171.0,189.0,176.48,OK
2026-06-16 12:43:33.292538,RA07-0009,Drive Head,BOLT-08,180,171.0,189.0,180.26,OK
2026-06-16 12:43:33.292538,RA07-0009,Drive Head,BOLT-09,180,171.0,189.0,175.35,OK
2026-06-16 12:43:33.292538,RA07-0009,Drive Head,BOLT-10,180,171.0,189.0,177.92,OK
2026-06-16 12:43:33.292538,RA07-0009,Drive Head,BOLT-11,180,171.0,189.0,185.43,OK
2026-06-16 12:43:33.292538,RA07-0009,Drive Head,BOLT-12,180,171.0,189.0,176.88,OK
2026-06-16 12:43:33.292538,RA07-0009,LH Shaft,BOLT-01,120,114.0,126.0,123.01,OK
2026-06-16 12:43:33.292538,RA07-0009,LH Shaft,BOLT-02,120,114.0,126.0,115.93,OK
2026-06-16 12:43:33.292538,RA07-0009,LH Shaft,BOLT-03,120,114.0,126.0,121.91,OK
2026-06-16 12:43:33.292538,RA07-0009,LH Shaft,BOLT-04,120,114.0,126.0,125.19,OK
2026-06-16 12:43:33.292538,RA07-0009,LH Shaft,BOLT-05,120,114.0,126.0,111.1,UNDER TORQUE
2026-06-16 12:43:33.292538,RA07-0009,LH Shaft,BOLT-06,120,114.0,126.0,117.13,OK
2026-06-16 12:43:33.292538,RA07-0009,RH Shaft,BOLT-01,120,114.0,126.0,122.08,OK
2026-06-16 12:43:33.292538,RA07-0009,RH Shaft,BOLT-02,120,114.0,126.0,119.27,OK
2026-06-16 12:43:33.292538,RA07-0009,RH Shaft,BOLT-03,120,114.0,126.0,121.34,OK
2026-06-16 12:43:33.292538,RA07-0009,RH Shaft,BOLT-04,120,114.0,126.0,117.83,OK
2026-06-16 12:43:33.292538,RA07-0009,RH Shaft,BOLT-05,120,114.0,126.0,120.31,OK
2026-06-16 12:43:33.292538,RA07-0009,RH Shaft,BOLT-06,120,114.0,126.0,119.44,OK
2026-06-16 12:43:33.292538,RA07-0009,LH Wheel Hub,BOLT-01,220,209.0,231.0,227.71,OK
2026-06-16 12:43:33.292538,RA07-0009,LH Wheel Hub,BOLT-02,220,209.0,231.0,221.68,OK
2026-06-16 12:43:33.292538,RA07-0009,LH Wheel Hub,BOLT-03,220,209.0,231.0,222.23,OK
2026-06-16 12:43:33.292538,RA07-0009,LH Wheel Hub,BOLT-04,220,209.0,231.0,217.28,OK
2026-06-16 12:43:33.292538,RA07-0009,LH Wheel Hub,BOLT-05,220,209.0,231.0,216.78,OK
2026-06-16 12:43:33.292538,RA07-0009,LH Wheel Hub,BOLT-06,220,209.0,231.0,217.15,OK
2026-06-16 12:43:33.292538,RA07-0009,LH Wheel Hub,BOLT-07,220,209.0,231.0,222.6,OK
2026-06-16 12:43:33.292538,RA07-0009,LH Wheel Hub,BOLT-08,220,209.0,231.0,217.22,OK
2026-06-16 12:43:33.292538,RA07-0009,LH Wheel Hub,BOLT-09,220,209.0,231.0,221.91,OK
2026-06-16 12:43:33.292538,RA07-0009,LH Wheel Hub,BOLT-10,220,209.0,231.0,233.7,OVER TORQUE
2026-06-16 12:43:33.292538,RA07-0009,LH Wheel Hub,BOLT-11,220,209.0,231.0,225.75,OK
2026-06-16 12:43:33.292538,RA07-0009,LH Wheel Hub,BOLT-12,220,209.0,231.0,217.85,OK
2026-06-16 12:43:33.292538,RA07-0009,RH Wheel Hub,BOLT-01,220,209.0,231.0,227.93,OK
2026-06-16 12:43:33.292538,RA07-0009,RH Wheel Hub,BOLT-02,220,209.0,231.0,217.31,OK
2026-06-16 12:43:33.292538,RA07-0009,RH Wheel Hub,BOLT-03,220,209.0,231.0,206.55,UNDER TORQUE
2026-06-16 12:43:33.292538,RA07-0009,RH Wheel Hub,BOLT-04,220,209.0,231.0,213.35,OK
2026-06-16 12:43:33.292538,RA07-0009,RH Wheel Hub,BOLT-05,220,209.0,231.0,207.65,UNDER TORQUE
2026-06-16 12:43:33.292538,RA07-0009,RH Wheel Hub,BOLT-06,220,209.0,231.0,217.68,OK
2026-06-16 12:43:33.292538,RA07-0009,RH Wheel Hub,BOLT-07,220,209.0,231.0,220.12,OK
2026-06-16 12:43:33.292538,RA07-0009,RH Wheel Hub,BOLT-08,220,209.0,231.0,231.06,OVER TORQUE
2026-06-16 12:43:33.292538,RA07-0009,RH Wheel Hub,BOLT-09,220,209.0,231.0,222.16,OK
2026-06-16 12:43:33.292538,RA07-0009,RH Wheel Hub,BOLT-10,220,209.0,231.0,218.55,OK
2026-06-16 12:43:33.292538,RA07-0009,RH Wheel Hub,BOLT-11,220,209.0,231.0,225.47,OK
2026-06-16 12:43:33.292538,RA07-0009,RH Wheel Hub,BOLT-12,220,209.0,231.0,205.41,UNDER TORQUE
2026-06-16 12:43:33.292538,RA07-0009,LH Brake Caliper,BOLT-01,95,90.25,99.75,95.67,OK
2026-06-16 12:43:33.292538,RA07-0009,LH Brake Caliper,BOLT-02,95,90.25,99.75,97.2,OK
2026-06-16 12:43:33.292538,RA07-0009,LH Brake Caliper,BOLT-03,95,90.25,99.75,90.79,OK
2026-06-16 12:43:33.292538,RA07-0009,LH Brake Caliper,BOLT-04,95,90.25,99.75,98.26,OK
2026-06-16 12:43:33.292538,RA07-0009,LH Brake Caliper,BOLT-05,95,90.25,99.75,95.96,OK
2026-06-16 12:43:33.292538,RA07-0009,LH Brake Caliper,BOLT-06,95,90.25,99.75,93.82,OK
2026-06-16 12:43:33.292538,RA07-0009,RH Brake Caliper,BOLT-01,95,90.25,99.75,96.8,OK
2026-06-16 12:43:33.292538,RA07-0009,RH Brake Caliper,BOLT-02,95,90.25,99.75,101.47,OVER TORQUE
2026-06-16 12:43:33.292538,RA07-0009,RH Brake Caliper,BOLT-03,95,90.25,99.75,95.52,OK
2026-06-16 12:43:33.292538,RA07-0009,RH Brake Caliper,BOLT-04,95,90.25,99.75,95.71,OK
2026-06-16 12:43:33.292538,RA07-0009,RH Brake Caliper,BOLT-05,95,90.25,99.75,93.69,OK
2026-06-16 12:43:33.292538,RA07-0009,RH Brake Caliper,BOLT-06,95,90.25,99.75,92.58,OK
2026-06-16 12:43:33.292538,RA07-0009,LH Brake Chamber,BOLT-01,70,66.5,73.5,71.74,OK
2026-06-16 12:43:33.292538,RA07-0009,LH Brake Chamber,BOLT-02,70,66.5,73.5,68.2,OK
2026-06-16 12:43:33.292538,RA07-0009,RH Brake Chamber,BOLT-01,70,66.5,73.5,70.15,OK
2026-06-16 12:43:33.292538,RA07-0009,RH Brake Chamber,BOLT-02,70,66.5,73.5,69.0,OK
2026-06-16 12:43:33.292538,RA07-0009,Drain Plug,BOLT-01,35,33.25,36.75,35.5,OK
2026-06-16 12:43:33.292538,RA07-0009,Magnetic Plug,BOLT-01,35,33.25,36.75,35.35,OK
2026-06-16 12:43:33.292538,RA07-0010,Drive Head,BOLT-01,180,171.0,189.0,185.6,OK
2026-06-16 12:43:33.292538,RA07-0010,Drive Head,BOLT-02,180,171.0,189.0,177.25,OK
2026-06-16 12:43:33.292538,RA07-0010,Drive Head,BOLT-03,180,171.0,189.0,178.54,OK
2026-06-16 12:43:33.292538,RA07-0010,Drive Head,BOLT-04,180,171.0,189.0,174.71,OK
2026-06-16 12:43:33.292538,RA07-0010,Drive Head,BOLT-05,180,171.0,189.0,177.6,OK
2026-06-16 12:43:33.292538,RA07-0010,Drive Head,BOLT-06,180,171.0,189.0,182.04,OK
2026-06-16 12:43:33.292538,RA07-0010,Drive Head,BOLT-07,180,171.0,189.0,184.09,OK
2026-06-16 12:43:33.292538,RA07-0010,Drive Head,BOLT-08,180,171.0,189.0,175.02,OK
2026-06-16 12:43:33.292538,RA07-0010,Drive Head,BOLT-09,180,171.0,189.0,184.7,OK
2026-06-16 12:43:33.292538,RA07-0010,Drive Head,BOLT-10,180,171.0,189.0,187.32,OK
2026-06-16 12:43:33.292538,RA07-0010,Drive Head,BOLT-11,180,171.0,189.0,182.23,OK
2026-06-16 12:43:33.292538,RA07-0010,Drive Head,BOLT-12,180,171.0,189.0,190.13,OVER TORQUE
2026-06-16 12:43:33.292538,RA07-0010,LH Shaft,BOLT-01,120,114.0,126.0,117.21,OK
2026-06-16 12:43:33.292538,RA07-0010,LH Shaft,BOLT-02,120,114.0,126.0,115.52,OK
2026-06-16 12:43:33.292538,RA07-0010,LH Shaft,BOLT-03,120,114.0,126.0,113.6,UNDER TORQUE
2026-06-16 12:43:33.292538,RA07-0010,LH Shaft,BOLT-04,120,114.0,126.0,125.39,OK
2026-06-16 12:43:33.292538,RA07-0010,LH Shaft,BOLT-05,120,114.0,126.0,122.36,OK
2026-06-16 12:43:33.292538,RA07-0010,LH Shaft,BOLT-06,120,114.0,126.0,119.8,OK
2026-06-16 12:43:33.292538,RA07-0010,RH Shaft,BOLT-01,120,114.0,126.0,121.01,OK
2026-06-16 12:43:33.292538,RA07-0010,RH Shaft,BOLT-02,120,114.0,126.0,115.95,OK
2026-06-16 12:43:33.292538,RA07-0010,RH Shaft,BOLT-03,120,114.0,126.0,128.8,OVER TORQUE
2026-06-16 12:43:33.292538,RA07-0010,RH Shaft,BOLT-04,120,114.0,126.0,120.47,OK
2026-06-16 12:43:33.292538,RA07-0010,RH Shaft,BOLT-05,120,114.0,126.0,120.39,OK
2026-06-16 12:43:33.292538,RA07-0010,RH Shaft,BOLT-06,120,114.0,126.0,122.61,OK
2026-06-16 12:43:33.292538,RA07-0010,LH Wheel Hub,BOLT-01,220,209.0,231.0,223.17,OK
2026-06-16 12:43:33.292538,RA07-0010,LH Wheel Hub,BOLT-02,220,209.0,231.0,221.48,OK
2026-06-16 12:43:33.292538,RA07-0010,LH Wheel Hub,BOLT-03,220,209.0,231.0,214.78,OK
2026-06-16 12:43:33.292538,RA07-0010,LH Wheel Hub,BOLT-04,220,209.0,231.0,223.11,OK
2026-06-16 12:43:33.292538,RA07-0010,LH Wheel Hub,BOLT-05,220,209.0,231.0,232.42,OVER TORQUE
2026-06-16 12:43:33.292538,RA07-0010,LH Wheel Hub,BOLT-06,220,209.0,231.0,228.88,OK
2026-06-16 12:43:33.292538,RA07-0010,LH Wheel Hub,BOLT-07,220,209.0,231.0,230.52,OK
2026-06-16 12:43:33.292538,RA07-0010,LH Wheel Hub,BOLT-08,220,209.0,231.0,216.63,OK
2026-06-16 12:43:33.292538,RA07-0010,LH Wheel Hub,BOLT-09,220,209.0,231.0,213.47,OK
2026-06-16 12:43:33.292538,RA07-0010,LH Wheel Hub,BOLT-10,220,209.0,231.0,219.17,OK
2026-06-16 12:43:33.292538,RA07-0010,LH Wheel Hub,BOLT-11,220,209.0,231.0,220.37,OK
2026-06-16 12:43:33.292538,RA07-0010,LH Wheel Hub,BOLT-12,220,209.0,231.0,227.22,OK
2026-06-16 12:43:33.292538,RA07-0010,RH Wheel Hub,BOLT-01,220,209.0,231.0,208.83,UNDER TORQUE
2026-06-16 12:43:33.292538,RA07-0010,RH Wheel Hub,BOLT-02,220,209.0,231.0,230.1,OK
2026-06-16 12:43:33.292538,RA07-0010,RH Wheel Hub,BOLT-03,220,209.0,231.0,218.96,OK
2026-06-16 12:43:33.292538,RA07-0010,RH Wheel Hub,BOLT-04,220,209.0,231.0,217.18,OK
2026-06-16 12:43:33.292538,RA07-0010,RH Wheel Hub,BOLT-05,220,209.0,231.0,213.32,OK
2026-06-16 12:43:33.292538,RA07-0010,RH Wheel Hub,BOLT-06,220,209.0,231.0,209.08,OK
2026-06-16 12:43:33.292538,RA07-0010,RH Wheel Hub,BOLT-07,220,209.0,231.0,225.43,OK
2026-06-16 12:43:33.292538,RA07-0010,RH Wheel Hub,BOLT-08,220,209.0,231.0,220.48,OK
2026-06-16 12:43:33.292538,RA07-0010,RH Wheel Hub,BOLT-09,220,209.0,231.0,211.49,OK
2026-06-16 12:43:33.292538,RA07-0010,RH Wheel Hub,BOLT-10,220,209.0,231.0,211.45,OK
2026-06-16 12:43:33.292538,RA07-0010,RH Wheel Hub,BOLT-11,220,209.0,231.0,217.78,OK
2026-06-16 12:43:33.292538,RA07-0010,RH Wheel Hub,BOLT-12,220,209.0,231.0,231.02,OVER TORQUE
2026-06-16 12:43:33.292538,RA07-0010,LH Brake Caliper,BOLT-01,95,90.25,99.75,94.26,OK
2026-06-16 12:43:33.292538,RA07-0010,LH Brake Caliper,BOLT-02,95,90.25,99.75,90.72,OK
2026-06-16 12:43:33.292538,RA07-0010,LH Brake Caliper,BOLT-03,95,90.25,99.75,94.3,OK
2026-06-16 12:43:33.292538,RA07-0010,LH Brake Caliper,BOLT-04,95,90.25,99.75,94.22,OK
2026-06-16 12:43:33.292538,RA07-0010,LH Brake Caliper,BOLT-05,95,90.25,99.75,87.31,UNDER TORQUE
2026-06-16 12:43:33.292538,RA07-0010,LH Brake Caliper,BOLT-06,95,90.25,99.75,94.85,OK
2026-06-16 12:43:33.292538,RA07-0010,RH Brake Caliper,BOLT-01,95,90.25,99.75,94.34,OK
2026-06-16 12:43:33.292538,RA07-0010,RH Brake Caliper,BOLT-02,95,90.25,99.75,96.98,OK
2026-06-16 12:43:33.292538,RA07-0010,RH Brake Caliper,BOLT-03,95,90.25,99.75,100.27,OVER TORQUE
2026-06-16 12:43:33.292538,RA07-0010,RH Brake Caliper,BOLT-04,95,90.25,99.75,98.21,OK
2026-06-16 12:43:33.292538,RA07-0010,RH Brake Caliper,BOLT-05,95,90.25,99.75,94.23,OK
2026-06-16 12:43:33.292538,RA07-0010,RH Brake Caliper,BOLT-06,95,90.25,99.75,91.85,OK
2026-06-16 12:43:33.292538,RA07-0010,LH Brake Chamber,BOLT-01,70,66.5,73.5,75.4,OVER TORQUE
2026-06-16 12:43:33.292538,RA07-0010,LH Brake Chamber,BOLT-02,70,66.5,73.5,70.12,OK
2026-06-16 12:43:33.292538,RA07-0010,RH Brake Chamber,BOLT-01,70,66.5,73.5,70.03,OK
2026-06-16 12:43:33.292538,RA07-0010,RH Brake Chamber,BOLT-02,70,66.5,73.5,69.95,OK
2026-06-16 12:43:33.292538,RA07-0010,Drain Plug,BOLT-01,35,33.25,36.75,35.21,OK
2026-06-16 12:43:33.292538,RA07-0010,Magnetic Plug,BOLT-01,35,33.25,36.75,34.85,OK
